{
    "Configurations":
    {
        "cg_x": 0.6136,
        "cg_z": 0.0871,
        "frontProp_x": 0.14,
        "frontProp_z": 0.14,
        "rearProp_x": 1.1,
        "rearProp_z": 0.14,
        "aeroCenter_x": 0.5621,
        "aeroCenter_z": 0.2,
        "S": 0.8544,
        "cbar": 0.2695,
        "elev_max": 23,
        "stall_speed": 10.0
    },
    "Propulsion": {
        "K_T": 6.73E-07,
        "rpm_max": 10000,
        "tilt_min": 0.0,
        "tilt_max": 90.0
    },
    "Aerodynamics": {
        "CL": {
            "-20" : -0.737401360,
            "-15" : -0.663644936,
            "-10" : -0.539236383,
            "-5" : -0.216338563,
            "0" : 0.186051992,
            "5" : 0.563297446,
            "10" : 0.899195567,
            "15" : 0.894625901,
            "20" : 0.925674827,
            "25" : 0.885013624,
            "30" : 0.928228578
        },
        "CD": {
            "-20": 0.39312906,
            "-15": 0.265786097,
            "-10": 0.105501944,
            "-5": 0.050508736,
            "0": 0.033407476,
            "5": 0.048690636,
            "10": 0.093493499,
            "15": 0.179125138,
            "20": 0.283977688,
            "25": 0.484827535,
            "30": 0.531822918
        },
        "Cm": {
            "-20": 0.151,
            "-15": 0.088338869,
            "-10": 0.060296053,
            "-5": 0.011978107,
            "0": -0.0124,
            "5": -0.028696035,
            "10": -0.046803415,
            "15": -0.110953022,
            "20": -0.107976505,
            "25": -0.213458484,
            "30": -0.0998
        },
        "elev": {
            "elev_CL_0": -0.0082,
            "elev_CL_slop": 0.0073,
            "elev_CD_0": 0.0088,
            "elev_CD_slop": -0.0002,
            "elev_Cm_0": 0.0339,
            "elev_Cm_slop": -0.0367
        }
    },
    "WeightAndBalance": {
        "m": 11.828,
        "Iyy": 2.073,
        "g": 9.80665
    }
}