{
    "Configurations":
    {
        "cg_x": 0.6136,
        "cg_z": 0.0871,
        "f_p_x": 0.14,
        "f_p_z": 0.14,
        "r_p_x": 1.1,
        "r_p_z": 0.14,
        "aerorp_x": 0.5621,
        "aerorp_z": 0.2,
        "S": 0.8544,
        "cbar": 0.2695,
        "elev_max": 23
    },
    "Propulsion": {
        "K_T": 6.73E-07,
        "rpm_max": 10000,
        "tilt_min": 0.0
    },
    "Aerodynamics": {
        "CL": {
            "CL_a_20" : -0.737401360,
            "CL_a_15" : -0.663644936,
            "CL_a_10" : -0.539236383,
            "CL_a_5" : -0.216338563,
            "CL_a0" : 0.186051992,
            "CL_a5" : 0.563297446,
            "CL_a10" : 0.899195567,
            "CL_a15" : 0.894625901,
            "CL_a20" : 0.925674827,
            "CL_a25" : 0.885013624,
            "CL_a30" : 0.928228578
        },
        "CD": {
            "CD_a_20": 0.39312906,
            "CD_a_15": 0.265786097,
            "CD_a_10": 0.105501944,
            "CD_a_5": 0.050508736,
            "CD_a0": 0.033407476,
            "CD_a5": 0.048690636,
            "CD_a10": 0.093493499,
            "CD_a15": 0.179125138,
            "CD_a20": 0.283977688,
            "CD_a25": 0.484827535,
            "CD_a30": 0.531822918
        },
        "Cm": {
            "Cm_a_20": 0.151,
            "Cm_a_15": 0.088338869,
            "Cm_a_10": 0.060296053,
            "Cm_a_5": 0.011978107,
            "Cm_a0": -0.0124,
            "Cm_a5": -0.028696035,
            "Cm_a10": -0.046803415,
            "Cm_a15": -0.110953022,
            "Cm_a20": -0.107976505,
            "Cm_a25": -0.213458484,
            "Cm_a30": -0.0998
        },
        "CL_elev": {
            "CL_elev_0": -0.0082,
            "CL_elev": 0.0073,
            "CD_elev_0": 0.0088,
            "CD_elev": -0.0002,
            "Cm_elev_0": 0.0339,
            "Cm_elev": -0.0367
        },
        "WnB": {
            "m": 11.828,
            "Iyy": 2.073,
            "g": 9.80665
        }
    }
}